<?xml version="1.0" encoding="utf-8" standalone="yes" ?>
<Window size="400,200" caption="0,0,0,17" sizebox="4,4,6,6" >
  <Font name="微软雅黑" size="16" />
  <Font name="微软雅黑" size="14" />
  <Font name="微软雅黑" size="12" />
  <Default name="VScrollBar" value="button1normalimage=&quot;file='Frame/vscroll.png' source='0,0,16,16'&quot; button1hotimage=&quot;file='Frame/vscroll.png' source='0,16,16,32' mask='#FFFF00FF'&quot; button1pushedimage=&quot;file='Frame/vscroll.png' source='0,32,16,48' mask='#FFFF00FF'&quot; button1disabledimage=&quot;file='Frame/vscroll.png' source='0,48,16,64' mask='#FFFF00FF'&quot; button2normalimage=&quot;file='Frame/vscroll.png' source='0,64,16,80' mask='#FFFF00FF'&quot; button2hotimage=&quot;file='Frame/vscroll.png' source='0,80,16,96' mask='#FFFF00FF'&quot; button2pushedimage=&quot;file='Frame/vscroll.png' source='0,96,16,112' mask='#FFFF00FF'&quot; button2disabledimage=&quot;file='Frame/vscroll.png' source='0,112,16,128' mask='#FFFF00FF'&quot; thumbnormalimage=&quot;file='Frame/vscroll.png' source='0,162,16,178' corner='2,2,2,2' mask='#FFFF00FF'&quot; thumbhotimage=&quot;file='Frame/vscroll.png' source='0,179,16,195' corner='2,2,2,2' mask='#FFFF00FF'&quot; thumbpushedimage=&quot;file='Frame/vscroll.png' source='0,179,16,195' corner='2,2,2,2' mask='#FFFF00FF'&quot; thumbdisabledimage=&quot;file='Frame/vscroll.png' source='0,180,16,190' corner='2,2,2,2' mask='#FFFF00FF'&quot; railnormalimage=&quot;file='Frame/vscroll.png' source='0,128,16,144' corner='2,2,2,2' mask='#FFFF00FF'&quot; railhotimage=&quot;file='Frame/vscroll.png' source='0,144,16,160' corner='2,2,2,2' mask='#FFFF00FF'&quot; railpushedimage=&quot;file='Frame/vscroll.png' source='0,144,16,160' corner='2,2,2,2' mask='#FFFF00FF'&quot; raildisabledimage=&quot;file='Frame/vscroll.png' source='0,144,16,160' corner='2,2,2,2' mask='#FFFF00FF'&quot; bknormalimage=&quot;file='Frame/vscroll.png' source='0,198,16,208' corner='2,2,2,2' mask='#FFFF00FF'&quot; " />
  <Default name="HScrollBar" value="button1normalimage=&quot;file='Frame/hscroll.png' source='0,0,16,16'&quot; button1hotimage=&quot;file='Frame/hscroll.png' source='0,16,16,32' mask='#FFFF00FF'&quot; button1pushedimage=&quot;file='Frame/hscroll.png' source='0,32,16,48' mask='#FFFF00FF'&quot; button1disabledimage=&quot;file='Frame/hscroll.png' source='0,48,16,64' mask='#FFFF00FF'&quot; button2normalimage=&quot;file='Frame/hscroll.png' source='0,64,16,80' mask='#FFFF00FF'&quot; button2hotimage=&quot;file='Frame/hscroll.png' source='0,80,16,96' mask='#FFFF00FF'&quot; button2pushedimage=&quot;file='Frame/hscroll.png' source='0,96,16,112' mask='#FFFF00FF'&quot; button2disabledimage=&quot;file='Frame/hscroll.png' source='0,112,16,128' mask='#FFFF00FF'&quot; thumbnormalimage=&quot;file='Frame/hscroll.png' source='0,162,16,178' corner='2,2,2,2' mask='#FFFF00FF'&quot; thumbhotimage=&quot;file='Frame/hscroll.png' source='0,179,16,195' corner='2,2,2,2' mask='#FFFF00FF'&quot; thumbpushedimage=&quot;file='Frame/hscroll.png' source='0,179,16,195' corner='2,2,2,2' mask='#FFFF00FF'&quot; thumbdisabledimage=&quot;file='Frame/hscroll.png' source='0,180,16,190' corner='2,2,2,2' mask='#FFFF00FF'&quot; railnormalimage=&quot;file='Frame/hscroll.png' source='0,128,16,144' corner='2,2,2,2' mask='#FFFF00FF'&quot; railhotimage=&quot;file='Frame/hscroll.png' source='0,144,16,160' corner='2,2,2,2' mask='#FFFF00FF'&quot; railpushedimage=&quot;file='Frame/hscroll.png' source='0,144,16,160' corner='2,2,2,2' mask='#FFFF00FF'&quot; raildisabledimage=&quot;file='Frame/hscroll.png' source='0,144,16,160' corner='2,2,2,2' mask='#FFFF00FF'&quot; bknormalimage=&quot;file='Frame/hscroll.png' source='0,198,16,208' corner='2,2,2,2' mask='#FFFF00FF'&quot; " />
  <VerticalLayout bordersize="1" bordercolor="#ff3333cc" bkcolor="#ff000000" >
    <HorizontalLayout bkcolor="#ffdddddd" height="17" >
      <HorizontalLayout width="160" >
        <Option text="全" align="vcenter" userdata="all" group="channel" selected="true"
          bkcolor="#ffffffff" textcolor="#FF8a92a7"
          selectedbkcolor="#ff3333cc" selectedtextcolor="#FFcccc33"
          font="0" width="20" height="17" bordersize="1" bordercolor="#ffbbbbbb" />
        <Option text="世" align="vcenter" userdata="world" group="channel"
          bkcolor="#ffffffff" textcolor="#FF8a92a7"
          selectedbkcolor="#ff3333cc" selectedtextcolor="#FFcccc33"
          font="0" width="20" height="17" bordersize="1" bordercolor="#ffbbbbbb" />
        <Option text="本" align="vcenter" userdata="local" group="channel"
          bkcolor="#ffffffff" textcolor="#FF8a92a7"
          selectedbkcolor="#ff3333cc" selectedtextcolor="#FFcccc33"
          font="0" width="20" height="17" bordersize="1" bordercolor="#ffbbbbbb" />
        <Option text="私" align="vcenter" userdata="wisper" group="channel"
          bkcolor="#ffffffff" textcolor="#FF8a92a7"
          selectedbkcolor="#ff3333cc" selectedtextcolor="#FFcccc33"
          font="0" width="20" height="17" bordersize="1" bordercolor="#ffbbbbbb" />
      </HorizontalLayout>
      <HorizontalLayout />
      <!--<HorizontalLayout width="31" >
        <Button name="minbtn" tooltip="最小化" width="15" height="15"
                normalimage="file='Frame/box_minimize.png' source='0,0,15,15'" pushedimage="file='Frame/box_minimize.png' source='15,0,30,15'" hotimage="file='Frame/box_minimize.png' source='30,0,45,15'" />
        <Button name="closebtn" tooltip="关闭" padding="0,1,0,0" width="15" height="15"
                normalimage="file='Frame/box_close.png' source='0,0,15,15'" pushedimage="file='Frame/box_close.png' source='15,0,30,15'" hotimage="file='Frame/box_close.png' source='30,0,45,15'" />
      </HorizontalLayout>-->
    </HorizontalLayout>
    <VerticalLayout name="all" vscrollbar="true" hscrollbar="false" />
    <VerticalLayout name="world" vscrollbar="true" hscrollbar="false" visible="false" bkcolor="#ffff0000" />
    <VerticalLayout name="local" vscrollbar="true" hscrollbar="false" visible="false" bkcolor="#ff00ff00" />
    <VerticalLayout name="wisper" vscrollbar="true" hscrollbar="false" visible="false" bkcolor="#ff0000ff" />
  </VerticalLayout>
</Window>