<?xml version="1.0" encoding="utf-8" standalone="yes" ?>
<Window size="400,200" caption="0,0,0,17" sizebox="4,4,6,6" >
  <Font name="微软雅黑" size="16" />
  <Font name="微软雅黑" size="14" />
  <Font name="微软雅黑" size="12" />
  <Default name="VScrollBar" value="button1normalimage=&quot;file='Frame/vscroll.png' source='0,0,16,16'&quot; button1hotimage=&quot;file='Frame/vscroll.png' source='0,16,16,32' mask='#FFFF00FF'&quot; button1pushedimage=&quot;file='Frame/vscroll.png' source='0,32,16,48' mask='#FFFF00FF'&quot; button1disabledimage=&quot;file='Frame/vscroll.png' source='0,48,16,64' mask='#FFFF00FF'&quot; button2normalimage=&quot;file='Frame/vscroll.png' source='0,64,16,80' mask='#FFFF00FF'&quot; button2hotimage=&quot;file='Frame/vscroll.png' source='0,80,16,96' mask='#FFFF00FF'&quot; button2pushedimage=&quot;file='Frame/vscroll.png' source='0,96,16,112' mask='#FFFF00FF'&quot; button2disabledimage=&quot;file='Frame/vscroll.png' source='0,112,16,128' mask='#FFFF00FF'&quot; thumbnormalimage=&quot;file='Frame/vscroll.png' source='0,162,16,178' corner='2,2,2,2' mask='#FFFF00FF'&quot; thumbhotimage=&quot;file='Frame/vscroll.png' source='0,179,16,195' corner='2,2,2,2' mask='#FFFF00FF'&quot; thumbpushedimage=&quot;file='Frame/vscroll.png' source='0,179,16,195' corner='2,2,2,2' mask='#FFFF00FF'&quot; thumbdisabledimage=&quot;file='Frame/vscroll.png' source='0,180,16,190' corner='2,2,2,2' mask='#FFFF00FF'&quot; railnormalimage=&quot;file='Frame/vscroll.png' source='0,128,16,144' corner='2,2,2,2' mask='#FFFF00FF'&quot; railhotimage=&quot;file='Frame/vscroll.png' source='0,144,16,160' corner='2,2,2,2' mask='#FFFF00FF'&quot; railpushedimage=&quot;file='Frame/vscroll.png' source='0,144,16,160' corner='2,2,2,2' mask='#FFFF00FF'&quot; raildisabledimage=&quot;file='Frame/vscroll.png' source='0,144,16,160' corner='2,2,2,2' mask='#FFFF00FF'&quot; bknormalimage=&quot;file='Frame/vscroll.png' source='0,198,16,208' corner='2,2,2,2' mask='#FFFF00FF'&quot; " />
  <Default name="HScrollBar" value="button1normalimage=&quot;file='Frame/hscroll.png' source='0,0,16,16'&quot; button1hotimage=&quot;file='Frame/hscroll.png' source='0,16,16,32' mask='#FFFF00FF'&quot; button1pushedimage=&quot;file='Frame/hscroll.png' source='0,32,16,48' mask='#FFFF00FF'&quot; button1disabledimage=&quot;file='Frame/hscroll.png' source='0,48,16,64' mask='#FFFF00FF'&quot; button2normalimage=&quot;file='Frame/hscroll.png' source='0,64,16,80' mask='#FFFF00FF'&quot; button2hotimage=&quot;file='Frame/hscroll.png' source='0,80,16,96' mask='#FFFF00FF'&quot; button2pushedimage=&quot;file='Frame/hscroll.png' source='0,96,16,112' mask='#FFFF00FF'&quot; button2disabledimage=&quot;file='Frame/hscroll.png' source='0,112,16,128' mask='#FFFF00FF'&quot; thumbnormalimage=&quot;file='Frame/hscroll.png' source='0,162,16,178' corner='2,2,2,2' mask='#FFFF00FF'&quot; thumbhotimage=&quot;file='Frame/hscroll.png' source='0,179,16,195' corner='2,2,2,2' mask='#FFFF00FF'&quot; thumbpushedimage=&quot;file='Frame/hscroll.png' source='0,179,16,195' corner='2,2,2,2' mask='#FFFF00FF'&quot; thumbdisabledimage=&quot;file='Frame/hscroll.png' source='0,180,16,190' corner='2,2,2,2' mask='#FFFF00FF'&quot; railnormalimage=&quot;file='Frame/hscroll.png' source='0,128,16,144' corner='2,2,2,2' mask='#FFFF00FF'&quot; railhotimage=&quot;file='Frame/hscroll.png' source='0,144,16,160' corner='2,2,2,2' mask='#FFFF00FF'&quot; railpushedimage=&quot;file='Frame/hscroll.png' source='0,144,16,160' corner='2,2,2,2' mask='#FFFF00FF'&quot; raildisabledimage=&quot;file='Frame/hscroll.png' source='0,144,16,160' corner='2,2,2,2' mask='#FFFF00FF'&quot; bknormalimage=&quot;file='Frame/hscroll.png' source='0,198,16,208' corner='2,2,2,2' mask='#FFFF00FF'&quot; " />
  <VerticalLayout bordersize="1" bordercolor="#ff3333cc" bkcolor="#ff000000" >
    <Label bkcolor="#ffdddddd" height="17" font="0" text="吧友栏" align="vcenter" textcolor="#ff222222" />
    <VerticalLayout name="list" vscrollbar="true" />
  </VerticalLayout>
</Window>