<?xml version="1.0" encoding="utf-8" standalone="yes" ?>
<Window size="600,530" roundcorner="2,2" caption="0,0,0,26" >
  <Font name="微软雅黑" size="14" />
  <Font name="微软雅黑" size="12" />
  <VerticalLayout bordersize="1" bordercolor="#ff242833" bkcolor="#ff242833" >
    <HorizontalLayout height="25" >
      <Button name="btn_close" tooltip="退出登录" float="true" pos="570,5,585,20" width="15" height="15" normalimage="file='LoginWnd/box_close.png' source='0,0,15,15'" hotimage="file='LoginWnd/box_close.png' source='15,0,30,15'" selectedimage="file='LoginWnd/box_close.png' source='30,0,45,15'" />
    </HorizontalLayout>
    <VerticalLayout bkcolor="#ff242833" >
      <Chrome name="browser" visible="true" />
    </VerticalLayout>
  </VerticalLayout>
</Window>