<?xml version="1.0" encoding="utf-8" standalone="yes" ?>
<Window size="320,580" roundcorner="2,2" caption="0,0,0,26" >
  <Font name="微软雅黑" size="14" />
  <Font name="微软雅黑" size="12" />
  <Font name="微软雅黑" size="16" />
  <VerticalLayout bordersize="1" bordercolor="#ff242833" bkimage="LoginWnd/login_bg.png" >
    <HorizontalLayout height="40" >
      <Button name="btn_home" visible="false" tooltip="返回登录" padding="15,15,0,0" width="8" height="15" normalimage="file='LoginWnd/login_back.png' source='0,0,8,14'" hotimage="file='LoginWnd/login_back.png' source='8,0,16,14'" pushedimage="file='LoginWnd/login_back.png' source='16,0,24,14'" />
      <!--Label text="极限模拟器" font="0" textcolor="#FFcccccc" width="90" height="40" align="center" padding="80,0,0,0" / -->
      <Button name="btn_close" tooltip="退出登录" float="true" pos="290,15,305,30" width="15" height="15" normalimage="file='LoginWnd/box_close.png' source='0,0,15,15'" hotimage="file='LoginWnd/box_close.png' source='15,0,30,15'" selectedimage="file='LoginWnd/box_close.png' source='30,0,45,15'" />
    </HorizontalLayout>
    <HorizontalLayout height="150" >
      <!--Label padding="110,40,0,0" width="100" height="100" bkimage="LoginWnd/b2_home.png" /-->
    </HorizontalLayout>
    <HorizontalLayout height="30" >
      <Label name="warming_icon" bkimage="LoginWnd/icon_prompt.png" padding="40,8,0,0" width="14" height="14" />
      <Label name="warming_text" text="Error" padding="10,6,0,0" width="220" height="20" font="1" textcolor="#ffee4a4a" align="left" />
    </HorizontalLayout>
    <Edit name="edit_username" textcolor="#ffeeeeee" padding="40,0,0,0" width="247" height="45" bkimage="file='LoginWnd/login_box.png' source='0,0,247,45'" focusedimage="file='LoginWnd/login_box.png' source='247,0,494,45'" textbackground="手机号/用户名/邮箱" textbackgroundcolor="#ffa1a8bc" nativebkcolor="#ff363d57" textpadding="15,0,0,0" font="0" align="left" />
    <Edit name="edit_password" textcolor="#ffeeeeee" password="true" padding="40,20,0,0" width="247" height="45" bkimage="file='LoginWnd/login_box.png' source='0,0,247,45'" focusedimage="file='LoginWnd/login_box.png' source='247,0,494,45'" textbackground="密码" textbackgroundcolor="#ffa1a8bc" nativebkcolor="#ff363d57" textpadding="15,0,0,0" font="0" align="left" />
    <HorizontalLayout name="layout_identcode1" padding="40,20,0,0" height="45" visible="false" >
      <Edit name="edit_identcode" maxchar="6" textcolor="#ffeeeeee" width="127" height="45" textbackground="验证码" bkimage="file='LoginWnd/login_code_box.png' source='0,0,127,45'" focusedimage="file='LoginWnd/login_code_box.png' source='127,0,254,45'" textbackgroundcolor="#ffa1a8bc" nativebkcolor="#ff363d57" textpadding="15,0,0,0" font="0" align="left" />
      <Button name="btn_identcode" text="获取验证码" font="0" textcolor="#ffffffff" align="center" padding="15,0,0,0" width="106" height="45" normalimage="file='LoginWnd/login_code_btn.png' source='0,0,106,45'" hotimage="file='LoginWnd/login_code_btn.png' source='106,0,212,45'" pushedimage="file='LoginWnd/login_code_btn.png' source='212,0,318,45'" disabledimage="file='LoginWnd/login_code_btn.png' source='318,0,424,45'" />
    </HorizontalLayout>
    <HorizontalLayout name="layout_identcode2" padding="40,14,0,0" height="20" >
      <Button name="btn_loginident" text="短信验证码登录" textcolor="#ffa1a8bc" hottextcolor="#ffcbd2e8" pushedtextcolor="#ffcbd2e8" align="left" width="105" height="20" font="0" />
      <Button name="btn_forgetpassword" text="忘记密码?"  textcolor="#ffa1a8bc" hottextcolor="#ffcbd2e8" pushedtextcolor="#ffcbd2e8" align="right"  width="145" height="20" font="0" />
    </HorizontalLayout> 
    <Button name="btn_login" text="登录" textcolor="#ffffffff" align="center" font="2" padding="40,20,0,0" width="247" height="41" normalimage="file='LoginWnd/login_btn.png' source='0,0,247,41'" hotimage="file='LoginWnd/login_btn.png' source='247,0,494,41'" pushedimage="file='LoginWnd/login_btn.png' source='494,0,741,41'" />
    <VerticalLayout name="layout_down" height="135" >
      <Button name="btn_regedit" padding="0,30,0,0" text="快速注册账号" font="0" textcolor="#ffa1a8bc" hottextcolor="#ffcbd2e8" pushedtextcolor="#ffcbd2e8" align="center"  width="320" height="20" />
      <HorizontalLayout padding="0,10,0,0" width="320" height="20" >
        <Label padding="62,10,0,0" width="80" height="1" bkcolor="#ff404761" />
        <Label text="或" padding="0,0,0,0" width="42" height="20" font="0" textcolor="#ffa1a8bc" align="center" />
        <Label padding="0,10,0,0" width="80" height="1" bkcolor="#ff404761" />
      </HorizontalLayout>
      <HorizontalLayout name="layout_identcode3" padding="0,15,0,0" width="320" height="40" >
        <Button name="btn_QQ" tooltip="QQ登录" padding="102,0,0,0" width="24" height="24" normalimage="LoginWnd/icon_qq.png" />
        <Button name="btn_WX" tooltip="微信登录" padding="25,0,0,0" width="24" height="24" normalimage="LoginWnd/icon_wecha.png" />
        <Button name="btn_SN" tooltip="新浪登录" padding="25,0,0,0" width="24" height="24" normalimage="LoginWnd/icon_weibo.png" />
      </HorizontalLayout>
    </VerticalLayout>
  </VerticalLayout>
</Window>