<?xml version="1.0" encoding="utf-8" standalone="yes" ?>
<Window size="400,200" caption="0,0,0,17" sizebox="4,4,6,6" >
  <Font name="微软雅黑" size="14" />
  <Font name="微软雅黑" size="12" />
  <Font name="微软雅黑" size="16" />
  <Font name="微软雅黑" size="28" />
  <Font name="微软雅黑" size="10" />
  <Default name="VScrollBar" value="button1normalimage=&quot;file='Frame/vscroll.png' source='0,0,16,16'&quot; button1hotimage=&quot;file='Frame/vscroll.png' source='0,16,16,32' mask='#FFFF00FF'&quot; button1pushedimage=&quot;file='Frame/vscroll.png' source='0,32,16,48' mask='#FFFF00FF'&quot; button1disabledimage=&quot;file='Frame/vscroll.png' source='0,48,16,64' mask='#FFFF00FF'&quot; button2normalimage=&quot;file='Frame/vscroll.png' source='0,64,16,80' mask='#FFFF00FF'&quot; button2hotimage=&quot;file='Frame/vscroll.png' source='0,80,16,96' mask='#FFFF00FF'&quot; button2pushedimage=&quot;file='Frame/vscroll.png' source='0,96,16,112' mask='#FFFF00FF'&quot; button2disabledimage=&quot;file='Frame/vscroll.png' source='0,112,16,128' mask='#FFFF00FF'&quot; thumbnormalimage=&quot;file='Frame/vscroll.png' source='0,162,16,178' corner='2,2,2,2' mask='#FFFF00FF'&quot; thumbhotimage=&quot;file='Frame/vscroll.png' source='0,179,16,195' corner='2,2,2,2' mask='#FFFF00FF'&quot; thumbpushedimage=&quot;file='Frame/vscroll.png' source='0,179,16,195' corner='2,2,2,2' mask='#FFFF00FF'&quot; thumbdisabledimage=&quot;file='Frame/vscroll.png' source='0,180,16,190' corner='2,2,2,2' mask='#FFFF00FF'&quot; railnormalimage=&quot;file='Frame/vscroll.png' source='0,128,16,144' corner='2,2,2,2' mask='#FFFF00FF'&quot; railhotimage=&quot;file='Frame/vscroll.png' source='0,144,16,160' corner='2,2,2,2' mask='#FFFF00FF'&quot; railpushedimage=&quot;file='Frame/vscroll.png' source='0,144,16,160' corner='2,2,2,2' mask='#FFFF00FF'&quot; raildisabledimage=&quot;file='Frame/vscroll.png' source='0,144,16,160' corner='2,2,2,2' mask='#FFFF00FF'&quot; bknormalimage=&quot;file='Frame/vscroll.png' source='0,198,16,208' corner='2,2,2,2' mask='#FFFF00FF'&quot; " />
  <Default name="HScrollBar" value="button1normalimage=&quot;file='Frame/hscroll.png' source='0,0,16,16'&quot; button1hotimage=&quot;file='Frame/hscroll.png' source='0,16,16,32' mask='#FFFF00FF'&quot; button1pushedimage=&quot;file='Frame/hscroll.png' source='0,32,16,48' mask='#FFFF00FF'&quot; button1disabledimage=&quot;file='Frame/hscroll.png' source='0,48,16,64' mask='#FFFF00FF'&quot; button2normalimage=&quot;file='Frame/hscroll.png' source='0,64,16,80' mask='#FFFF00FF'&quot; button2hotimage=&quot;file='Frame/hscroll.png' source='0,80,16,96' mask='#FFFF00FF'&quot; button2pushedimage=&quot;file='Frame/hscroll.png' source='0,96,16,112' mask='#FFFF00FF'&quot; button2disabledimage=&quot;file='Frame/hscroll.png' source='0,112,16,128' mask='#FFFF00FF'&quot; thumbnormalimage=&quot;file='Frame/hscroll.png' source='0,162,16,178' corner='2,2,2,2' mask='#FFFF00FF'&quot; thumbhotimage=&quot;file='Frame/hscroll.png' source='0,179,16,195' corner='2,2,2,2' mask='#FFFF00FF'&quot; thumbpushedimage=&quot;file='Frame/hscroll.png' source='0,179,16,195' corner='2,2,2,2' mask='#FFFF00FF'&quot; thumbdisabledimage=&quot;file='Frame/hscroll.png' source='0,180,16,190' corner='2,2,2,2' mask='#FFFF00FF'&quot; railnormalimage=&quot;file='Frame/hscroll.png' source='0,128,16,144' corner='2,2,2,2' mask='#FFFF00FF'&quot; railhotimage=&quot;file='Frame/hscroll.png' source='0,144,16,160' corner='2,2,2,2' mask='#FFFF00FF'&quot; railpushedimage=&quot;file='Frame/hscroll.png' source='0,144,16,160' corner='2,2,2,2' mask='#FFFF00FF'&quot; raildisabledimage=&quot;file='Frame/hscroll.png' source='0,144,16,160' corner='2,2,2,2' mask='#FFFF00FF'&quot; bknormalimage=&quot;file='Frame/hscroll.png' source='0,198,16,208' corner='2,2,2,2' mask='#FFFF00FF'&quot; " />
  <HorizontalLayout bordersize="1" bordercolor="#ff3333aa" bkcolor="#ff000000" >
    <VerticalLayout >
      <HorizontalLayout bkcolor="#ffdddddd" height="17" >
        <HorizontalLayout width="128" >
          <Option text="聊天" align="vcenter" userdata="chat" selected="true"
            bkcolor="#ffffffff" textcolor="#FF8a92a7"
            selectedbkcolor="#ff3333cc" selectedtextcolor="#FFcccc33"
            font="0" width="32" height="17" bordersize="1" bordercolor="#ffbbbbbb" />
          <Option text="吧友" align="vcenter" userdata="list" selected="true"
            bkcolor="#ffffffff" textcolor="#FF8a92a7"
            selectedbkcolor="#ff3333cc" selectedtextcolor="#FFcccc33"
            font="0" width="32" height="17" bordersize="1" bordercolor="#ffbbbbbb" />
          <Option text="地图" align="vcenter" userdata="map"
            bkcolor="#ffffffff" textcolor="#FF8a92a7"
            selectedbkcolor="#ff3333cc" selectedtextcolor="#FFcccc33"
            font="0" width="32" height="17" bordersize="1" bordercolor="#ffbbbbbb" />
          <Option text="角色" align="vcenter" userdata="role"
            bkcolor="#ffffffff" textcolor="#FF8a92a7"
            selectedbkcolor="#ff3333cc" selectedtextcolor="#FFcccc33"
            font="0" width="32" height="17" bordersize="1" bordercolor="#ffbbbbbb" />
        </HorizontalLayout>
        <HorizontalLayout />
        <!--HorizontalLayout width="50" >
          <Button text="全" align="vcenter" userdata="SHOW chat "
            bkcolor="#ffffffff" textcolor="#FF8a92a7"
            font="0" width="20" height="17" bordersize="1" bordercolor="#ffbbbbbb" />
          <Button text="本" align="vcenter" userdata="SHOW say "
            bkcolor="#ffffffff" textcolor="#FF8a92a7"
            font="0" width="20" height="17" bordersize="1" bordercolor="#ffbbbbbb" />
        </HorizontalLayout-->
        <HorizontalLayout width="31" >
          <Button name="minbtn" tooltip="最小化" width="15" height="15"
                  normalimage="file='Frame/box_minimize.png' source='0,0,15,15'" pushedimage="file='Frame/box_minimize.png' source='15,0,30,15'" hotimage="file='Frame/box_minimize.png' source='30,0,45,15'" />
          <Button name="closebtn" tooltip="关闭" padding="0,1,0,0" width="15" height="15"
                  normalimage="file='Frame/box_close.png' source='0,0,15,15'" pushedimage="file='Frame/box_close.png' source='15,0,30,15'" hotimage="file='Frame/box_close.png' source='30,0,45,15'" />
        </HorizontalLayout>
      </HorizontalLayout>
      <VerticalLayout name="LayoutInfoList" vscrollbar="true" />
      <HorizontalLayout height="18" >
        <Button name="EditType" width="40" font="0" textcolor="#ffaaaa33" bkcolor="#ff3333aa" text="世界" userdata="chat " />
        <Edit name="EditSend" textcolor="#ff000000" nativebkcolor="#ffFFFFFF" textpadding="3,0,0,0" font="0" align="left" />
        <Button name="EditClear" width="18" font="0" text="清" bkcolor="#ffffffff" textcolor="#FF8a92a7" />
      </HorizontalLayout>
    </VerticalLayout>
    <HorizontalLayout width="1" bkcolor="ff3333aa" />
    <VerticalLayout width="170" >
      <VerticalLayout name="LayoutRoleInfo" height="62" >
        <Button text="游客(点击登录)" name="UserName" font="4" textcolor="#ffaaaa33" bkcolor="#ff3333aa" align="vcenter" width="170" height="10" />
        <Label text="气血" font="4" textcolor="#ffffffff" align="left" width="40" height="10" padding="5,2,0,0" />
        <Label text="内力" font="4" textcolor="#ffffffff" align="left" width="40" height="10" padding="5,2,0,0" />
        <Label text="饮食" font="4" textcolor="#ffffffff" align="left" width="40" height="10" padding="5,2,0,0" />
        <Label text="口渴" font="4" textcolor="#ffffffff" align="left" width="40" height="10" padding="5,2,0,0" />
        <Label bkcolor="#ff930B0B" float="true" pos="27,13,167,23" />
        <Label name="HP_UP" bkcolor="#ffffffff" float="true" pos="27,13,167,23" />
        <Label name="HP_NOW" bkcolor="#ff4DC838" float="true" pos="27,13,167,23" />
        <Label name="HP_TEXT" text="?/?" font="4" textcolor="#ff000000" align="vcenter" float="true" pos="27,13,167,23" />
        <Label bkcolor="#ffffffff" float="true" pos="27,25,167,35" />
        <Label name="MP_NOW" bkcolor="#FF109EF8" float="true" pos="27,25,167,35" />
        <Label name="MP_UP" bkcolor="#ff3C55D2" float="true" pos="27,25,167,35" />
        <Label name="MP_TEXT" text="?/?" font="4" textcolor="#ff000000" align="vcenter" float="true" pos="27,25,167,35" />
        <Progress name="FOOD" text="?/?" font="4" textcolor="#ff000000" align="vcenter" bkcolor="#ffffffff" foreimage="Frame/progress_bar.png" float="true" pos="27,37,167,47" />
        <Progress name="WATER" text="?/?" font="4" textcolor="#ff000000" align="vcenter" bkcolor="#ffffffff" foreimage="Frame/progress_bar.png" float="true" pos="27,49,167,59" />
      </VerticalLayout>
      <HorizontalLayout height="1" bkcolor="ff3333aa" />
      <VerticalLayout height="100">
        <HorizontalLayout >
          <Button name="Room_1" width="50" font="1" textcolor="#ffdddddd" align="vcenter" />
          <Label name="Room_2" width="10" font="1" textcolor="#ffdddddd" align="vcenter" />
          <Button name="Room_3" width="50" font="1" textcolor="#ffdddddd" align="vcenter" />
          <Label name="Room_4" width="10" font="1" textcolor="#ffdddddd" align="vcenter" />
          <Button name="Room_5" width="50" font="1" textcolor="#ffdddddd" align="vcenter" />
        </HorizontalLayout>
        <HorizontalLayout height="12" >
          <Label name="Room_6" width="50" font="1" textcolor="#ffdddddd" align="vcenter" />
          <Label name="Room_7" width="10" font="1" textcolor="#ffdddddd" align="vcenter" />
          <Label name="Room_8" width="50" font="1" textcolor="#ffdddddd" align="vcenter" />
          <Label name="Room_9" width="10" font="1" textcolor="#ffdddddd" align="vcenter" />
          <Label name="Room_10" width="50" font="1" textcolor="#ffdddddd" align="vcenter" />
        </HorizontalLayout>
        <HorizontalLayout >
          <Button name="Room_11" width="50" font="1" textcolor="#ffdddddd" align="vcenter" />
          <Label name="Room_12" width="10" font="1" textcolor="#ffdddddd" align="vcenter" />
          <Button name="Room_13" width="50" font="1" textcolor="#ffdddddd" align="vcenter" disabledtextcolor="#ffffffff" />
          <Label name="Room_14" width="10" font="1" textcolor="#ffdddddd" align="vcenter" />
          <Button name="Room_15" width="50" font="1" textcolor="#ffdddddd" align="vcenter" />
        </HorizontalLayout>
        <HorizontalLayout height="12" >
          <Label name="Room_16" width="50" font="1" textcolor="#ffdddddd" align="vcenter" />
          <Label name="Room_17" width="10" font="1" textcolor="#ffdddddd" align="vcenter" />
          <Label name="Room_18" width="50" font="1" textcolor="#ffdddddd" align="vcenter" />
          <Label name="Room_19" width="10" font="1" textcolor="#ffdddddd" align="vcenter" />
          <Label name="Room_20" width="50" font="1" textcolor="#ffdddddd" align="vcenter" />
        </HorizontalLayout>
        <HorizontalLayout >
          <Button name="Room_21" width="50" font="1" textcolor="#ffdddddd" align="vcenter" />
          <Label name="Room_22" width="10" font="1" textcolor="#ffdddddd" align="vcenter" />
          <Button name="Room_23" width="50" font="1" textcolor="#ffdddddd" align="vcenter" />
          <Label name="Room_24" width="10" font="1" textcolor="#ffdddddd" align="vcenter" />
          <Button name="Room_25" width="50" font="1" textcolor="#ffdddddd" align="vcenter" />
        </HorizontalLayout>
      </VerticalLayout>
      <HorizontalLayout height="1" bkcolor="ff3333aa" />
      <VerticalLayout name="LayoutRoomList" vscrollbar="true" >
        
      </VerticalLayout>
    </VerticalLayout>
  </HorizontalLayout>
</Window>