<?xml version="1.0" encoding="utf-8" standalone="yes" ?>
<Window size="200,400" caption="0,0,0,17" >
  <Font name="微软雅黑" size="16" />
  <Font name="微软雅黑" size="14" />
  <Font name="微软雅黑" size="12" />
  <VerticalLayout bordersize="1" bordercolor="#ff3333cc" bkcolor="#ff000000" >
    <HorizontalLayout height="21" >
      <Label name="Name_Pre" text="【平民百姓】" textcolor="#ffeeeeee" padding="5,2,0,1" font="0" width="95" height="18" align="right" />
      <Label name="Name_Suf" text="" textcolor="#ffeeeeee" padding="10,2,0,1" font="0" width="74" height="18" align="left" />
      <Button name="closebtn" tooltip="关闭" padding="0,3,0,0" width="15" height="15"
              normalimage="file='Frame/box_close.png' source='0,0,15,15'" pushedimage="file='Frame/box_close.png' source='15,0,30,15'" hotimage="file='Frame/box_close.png' source='30,0,45,15'" />
    </HorizontalLayout>
    <Label name="Exp" text="" textcolor="#ffffffff" font="0" width="200" height="18" align="center" />
    <HorizontalLayout height="1" bkcolor="ff3333aa" />
    <Label text="开黑资料" textcolor="#ffffffff" font="0" width="200" height="18" align="center" />
    <HorizontalLayout height="1" bkcolor="ff3333aa" />
    <HorizontalLayout height="18" >
      <Label text="游戏名" textcolor="#ffffffff" font="0" width="80" height="18" align="center" />
      <HorizontalLayout width="1" bkcolor="ff3333aa" />
      <Label text="ID" textcolor="#ffffffff" font="0" width="120" height="18" align="center" />
    </HorizontalLayout>
    <HorizontalLayout height="1" bkcolor="ff3333aa" />
    <VerticalLayout name="LayoutGames" />
    <VerticalLayout name="LayoutAdd" visible="false" height="23" width="200" >
      <HorizontalLayout height="1" bkcolor="ff3333aa" />
      <Button text="增加" font="0" textcolor="#ffffffff" align="center" bkcolor="#ff7e2c08" width="50" height="20" padding="140,1,0,0" userdata="A" />
    </VerticalLayout>
  </VerticalLayout>
</Window>