<?xml version="1.0" encoding="utf-8" standalone="yes" ?>
<Window size="200,400" caption="0,0,0,17" >
  <Font name="微软雅黑" size="16" />
  <Font name="微软雅黑" size="14" />
  <Font name="微软雅黑" size="12" />
  <VerticalLayout bordersize="1" bordercolor="#ff3333cc" bkcolor="#ff000000" >
    <HorizontalLayout height="21" >
      <Label name="Name_Pre" text="【平民百姓】" textcolor="#ffeeeeee" padding="5,2,0,1" font="0" width="90" height="18" align="right" />
      <Label name="Name_Suf" text="" textcolor="#ffeeeeee" padding="10,2,0,1" font="0" width="90" height="18" align="left" />
    </HorizontalLayout>
    <HorizontalLayout height="1" bkcolor="ff3333aa" />
    <HorizontalLayout height="21" >
      <Label text="臂力：" textcolor="#ffeeeeee" padding="5,2,0,1" font="1" width="45" height="18" align="left" />
      <Label name="Gift_1" text="20" textcolor="#ffeeeeee" font="1" padding="0,2,0,1" width="50" height="18" align="left" />
      <Label text="敏捷：" textcolor="#ffeeeeee" padding="5,2,0,1" font="1" width="45" height="18" align="left" />
      <Label name="Gift_2" text="20" textcolor="#ffeeeeee" font="1" padding="0,2,0,1" width="50" height="18" align="left" />
    </HorizontalLayout>
    <HorizontalLayout height="21" >
      <Label text="根骨：" textcolor="#ffeeeeee" padding="5,2,0,1" font="1" width="45" height="18" align="left" />
      <Label name="Gift_3" text="20" textcolor="#ffeeeeee" font="1" padding="0,2,0,1" width="50" height="18" align="left" />
      <Label text="悟性：" textcolor="#ffeeeeee" padding="5,2,0,1" font="1" width="45" height="18" align="left" />
      <Label name="Gift_4" text="20" textcolor="#ffeeeeee" font="1" padding="0,2,0,1" width="50" height="18" align="left" />
    </HorizontalLayout>
    <HorizontalLayout height="21" >
      <Label text="等级：" textcolor="#ffeeeeee" padding="5,2,0,1" font="1" width="45" height="18" align="left" />
      <Label name="Level" text="0" textcolor="#ffeeeeee" padding="0,2,0,1" font="1" width="140" height="18" align="left" />
    </HorizontalLayout>
    <Label name="Money" text="存款：0 文" textcolor="#ffeeeeee" padding="5,2,0,1" font="1" width="190" height="18" align="left" />
    <HorizontalLayout height="21" >
      <Label text="经验：" textcolor="#ffeeeeee" padding="5,2,0,1" font="1" width="45" height="18" align="left" />
      <Label name="Exp" text="0" textcolor="#ffeeeeee" padding="0,2,0,1" font="1" width="140" height="18" align="left" />
    </HorizontalLayout>
    <HorizontalLayout height="21" >
      <Label text="潜能：" textcolor="#ffeeeeee" padding="5,2,0,1" font="1" width="45" height="18" align="left" />
      <Label name="Pot" text="0" textcolor="#ffeeeeee" padding="0,2,0,1" font="1" width="140" height="18" align="left" />
    </HorizontalLayout>
    <HorizontalLayout height="1" bkcolor="ff3333aa" />
    <Label text="道具列表" textcolor="#ffffffff" font="0" width="200" height="18" align="center" />
    <HorizontalLayout height="1" bkcolor="ff3333aa" />
    <VerticalLayout name="LayoutItems" vscrollbar="true" />
    <HorizontalLayout height="1" bkcolor="ff3333aa" />
    <HorizontalLayout height="18" >
      <Label text="武功名" textcolor="#ffffffff" font="0" width="80" height="18" align="center" />
      <HorizontalLayout width="1" bkcolor="ff3333aa" />
      <Label text="等级" textcolor="#ffffffff" font="0" width="50" height="18" align="center" />
      <HorizontalLayout width="1" bkcolor="ff3333aa" />
      <Label text="经验" textcolor="#ffffffff" font="0" width="70" height="18" align="center" />
    </HorizontalLayout>
    <HorizontalLayout height="1" bkcolor="ff3333aa" />
    <VerticalLayout name="LayoutSkills" vscrollbar="true" />
  </VerticalLayout>
</Window>